ref_area.label,indicator.label,source.label,time,obs_value,obs_status.label
Afghanistan,SDG indicator 10.4.1 - Labour income share as a percent of GDP (%),ILO - ILO Modelled Estimates,2016,44.7,Imputation
Afghanistan,SDG indicator 10.4.1 - Labour income share as a percent of GDP (%),ILO - ILO Modelled Estimates,2017,44.6,Imputation
Angola,SDG indicator 10.4.1 - Labour income share as a percent of GDP (%),ILO - ILO Modelled Estimates,2016,47.3,Imputation
Angola,SDG indicator 10.4.1 - Labour income share as a percent of GDP (%),ILO - ILO Modelled Estimates,2017,47.3,Imputation
Albania,SDG indicator 10.4.1 - Labour income share as a percent of GDP (%),ILO - ILO Modelled Estimates,2016,53.3,Imputation
Albania,SDG indicator 10.4.1 - Labour income share as a percent of GDP (%),ILO - ILO Modelled Estimates,2017,53.1,Imputation
United Arab Emirates,SDG indicator 10.4.1 - Labour income share as a percent of GDP (%),ILO - ILO Modelled Estimates,2016,36.2,Imputation
United Arab Emirates,SDG indicator 10.4.1 - Labour income share as a percent of GDP (%),ILO - ILO Modelled Estimates,2017,36.8,Imputation
Argentina,SDG indicator 10.4.1 - Labour income share as a percent of GDP (%),ILO - ILO Modelled Estimates,2016,60.1,Model-based extrapolation
Argentina,SDG indicator 10.4.1 - Labour income share as a percent of GDP (%),ILO - ILO Modelled Estimates,2017,58.5,Model-based extrapolation
Armenia,SDG indicator 10.4.1 - Labour income share as a percent of GDP (%),ILO - ILO Modelled Estimates,2016,46.6,Model-based extrapolation
Armenia,SDG indicator 10.4.1 - Labour income share as a percent of GDP (%),ILO - ILO Modelled Estimates,2017,46.3,Model-based extrapolation
Australia,SDG indicator 10.4.1 - Labour income share as a percent of GDP (%),ILO - ILO Modelled Estimates,2016,57,Imputation
Australia,SDG indicator 10.4.1 - Labour income share as a percent of GDP (%),ILO - ILO Modelled Estimates,2017,57.2,Imputation
Austria,SDG indicator 10.4.1 - Labour income share as a percent of GDP (%),ILO - ILO Modelled Estimates,2016,61.8,
Austria,SDG indicator 10.4.1 - Labour income share as a percent of GDP (%),ILO - ILO Modelled Estimates,2017,60.9,Model-based extrapolation
Azerbaijan,SDG indicator 10.4.1 - Labour income share as a percent of GDP (%),ILO - ILO Modelled Estimates,2016,51.3,Imputation
Azerbaijan,SDG indicator 10.4.1 - Labour income share as a percent of GDP (%),ILO - ILO Modelled Estimates,2017,51.2,Imputation
Burundi,SDG indicator 10.4.1 - Labour income share as a percent of GDP (%),ILO - ILO Modelled Estimates,2016,57.2,Imputation
Burundi,SDG indicator 10.4.1 - Labour income share as a percent of GDP (%),ILO - ILO Modelled Estimates,2017,57,Imputation
Belgium,SDG indicator 10.4.1 - Labour income share as a percent of GDP (%),ILO - ILO Modelled Estimates,2016,62.7,
Belgium,SDG indicator 10.4.1 - Labour income share as a percent of GDP (%),ILO - ILO Modelled Estimates,2017,62.5,Model-based extrapolation
Benin,SDG indicator 10.4.1 - Labour income share as a percent of GDP (%),ILO - ILO Modelled Estimates,2016,47.5,Imputation
Benin,SDG indicator 10.4.1 - Labour income share as a percent of GDP (%),ILO - ILO Modelled Estimates,2017,46.6,Imputation
Burkina Faso,SDG indicator 10.4.1 - Labour income share as a percent of GDP (%),ILO - ILO Modelled Estimates,2016,48.9,Imputation
Burkina Faso,SDG indicator 10.4.1 - Labour income share as a percent of GDP (%),ILO - ILO Modelled Estimates,2017,48.5,Imputation
Bangladesh,SDG indicator 10.4.1 - Labour income share as a percent of GDP (%),ILO - ILO Modelled Estimates,2016,42.4,Imputation
Bangladesh,SDG indicator 10.4.1 - Labour income share as a percent of GDP (%),ILO - ILO Modelled Estimates,2017,42.2,Imputation
Bulgaria,SDG indicator 10.4.1 - Labour income share as a percent of GDP (%),ILO - ILO Modelled Estimates,2016,51.4,
Bulgaria,SDG indicator 10.4.1 - Labour income share as a percent of GDP (%),ILO - ILO Modelled Estimates,2017,51.4,Model-based extrapolation
Bahrain,SDG indicator 10.4.1 - Labour income share as a percent of GDP (%),ILO - ILO Modelled Estimates,2016,30.1,Imputation
Bahrain,SDG indicator 10.4.1 - Labour income share as a percent of GDP (%),ILO - ILO Modelled Estimates,2017,30,Imputation
Bahamas,SDG indicator 10.4.1 - Labour income share as a percent of GDP (%),ILO - ILO Modelled Estimates,2016,59.2,Imputation
Bahamas,SDG indicator 10.4.1 - Labour income share as a percent of GDP (%),ILO - ILO Modelled Estimates,2017,58.3,Imputation
Bosnia and Herzegovina,SDG indicator 10.4.1 - Labour income share as a percent of GDP (%),ILO - ILO Modelled Estimates,2016,41.6,Imputation
Bosnia and Herzegovina,SDG indicator 10.4.1 - Labour income share as a percent of GDP (%),ILO - ILO Modelled Estimates,2017,41.7,Imputation
Belarus,SDG indicator 10.4.1 - Labour income share as a percent of GDP (%),ILO - ILO Modelled Estimates,2016,49.5,Imputation
Belarus,SDG indicator 10.4.1 - Labour income share as a percent of GDP (%),ILO - ILO Modelled Estimates,2017,49,Imputation
Belize,SDG indicator 10.4.1 - Labour income share as a percent of GDP (%),ILO - ILO Modelled Estimates,2016,49.7,Imputation
Belize,SDG indicator 10.4.1 - Labour income share as a percent of GDP (%),ILO - ILO Modelled Estimates,2017,50,Imputation
Bolivia,SDG indicator 10.4.1 - Labour income share as a percent of GDP (%),ILO - ILO Modelled Estimates,2016,54,Model-based extrapolation
Bolivia,SDG indicator 10.4.1 - Labour income share as a percent of GDP (%),ILO - ILO Modelled Estimates,2017,54.4,Model-based extrapolation
Brazil,SDG indicator 10.4.1 - Labour income share as a percent of GDP (%),ILO - ILO Modelled Estimates,2016,61.6,Model-based extrapolation
Brazil,SDG indicator 10.4.1 - Labour income share as a percent of GDP (%),ILO - ILO Modelled Estimates,2017,60.4,Model-based extrapolation
Barbados,SDG indicator 10.4.1 - Labour income share as a percent of GDP (%),ILO - ILO Modelled Estimates,2016,57.6,Imputation
Barbados,SDG indicator 10.4.1 - Labour income share as a percent of GDP (%),ILO - ILO Modelled Estimates,2017,58.3,Imputation
Brunei Darussalam,SDG indicator 10.4.1 - Labour income share as a percent of GDP (%),ILO - ILO Modelled Estimates,2016,48.9,Imputation
Brunei Darussalam,SDG indicator 10.4.1 - Labour income share as a percent of GDP (%),ILO - ILO Modelled Estimates,2017,47.9,Imputation
Bhutan,SDG indicator 10.4.1 - Labour income share as a percent of GDP (%),ILO - ILO Modelled Estimates,2016,45.4,Imputation
Bhutan,SDG indicator 10.4.1 - Labour income share as a percent of GDP (%),ILO - ILO Modelled Estimates,2017,45.2,Imputation
Botswana,SDG indicator 10.4.1 - Labour income share as a percent of GDP (%),ILO - ILO Modelled Estimates,2016,45.8,Imputation
Botswana,SDG indicator 10.4.1 - Labour income share as a percent of GDP (%),ILO - ILO Modelled Estimates,2017,46.2,Imputation
Central African Republic,SDG indicator 10.4.1 - Labour income share as a percent of GDP (%),ILO - ILO Modelled Estimates,2016,55.4,Imputation
Central African Republic,SDG indicator 10.4.1 - Labour income share as a percent of GDP (%),ILO - ILO Modelled Estimates,2017,55.3,Imputation
Canada,SDG indicator 10.4.1 - Labour income share as a percent of GDP (%),ILO - ILO Modelled Estimates,2016,62.1,
Canada,SDG indicator 10.4.1 - Labour income share as a percent of GDP (%),ILO - ILO Modelled Estimates,2017,61,
Channel Islands,SDG indicator 10.4.1 - Labour income share as a percent of GDP (%),ILO - ILO Modelled Estimates,2016,57,Imputation
Channel Islands,SDG indicator 10.4.1 - Labour income share as a percent of GDP (%),ILO - ILO Modelled Estimates,2017,56.7,Imputation
Switzerland,SDG indicator 10.4.1 - Labour income share as a percent of GDP (%),ILO - ILO Modelled Estimates,2016,70.8,Model-based extrapolation
Switzerland,SDG indicator 10.4.1 - Labour income share as a percent of GDP (%),ILO - ILO Modelled Estimates,2017,70.7,Model-based extrapolation
Chile,SDG indicator 10.4.1 - Labour income share as a percent of GDP (%),ILO - ILO Modelled Estimates,2016,62,Model-based extrapolation
Chile,SDG indicator 10.4.1 - Labour income share as a percent of GDP (%),ILO - ILO Modelled Estimates,2017,62.1,Model-based extrapolation
China,SDG indicator 10.4.1 - Labour income share as a percent of GDP (%),ILO - ILO Modelled Estimates,2016,51.5,Imputation
China,SDG indicator 10.4.1 - Labour income share as a percent of GDP (%),ILO - ILO Modelled Estimates,2017,51.3,Imputation
Côte d'Ivoire,SDG indicator 10.4.1 - Labour income share as a percent of GDP (%),ILO - ILO Modelled Estimates,2016,27.6,Model-based extrapolation
Côte d'Ivoire,SDG indicator 10.4.1 - Labour income share as a percent of GDP (%),ILO - ILO Modelled Estimates,2017,27.5,Model-based extrapolation
Cameroon,SDG indicator 10.4.1 - Labour income share as a percent of GDP (%),ILO - ILO Modelled Estimates,2016,36.3,Imputation
Cameroon,SDG indicator 10.4.1 - Labour income share as a percent of GDP (%),ILO - ILO Modelled Estimates,2017,36.4,Imputation
"Congo, Democratic Republic of the",SDG indicator 10.4.1 - Labour income share as a percent of GDP (%),ILO - ILO Modelled Estimates,2016,39.6,Imputation
"Congo, Democratic Republic of the",SDG indicator 10.4.1 - Labour income share as a percent of GDP (%),ILO - ILO Modelled Estimates,2017,39.4,Imputation
Congo,SDG indicator 10.4.1 - Labour income share as a percent of GDP (%),ILO - ILO Modelled Estimates,2016,53.1,Imputation
Congo,SDG indicator 10.4.1 - Labour income share as a percent of GDP (%),ILO - ILO Modelled Estimates,2017,53.2,Imputation
Colombia,SDG indicator 10.4.1 - Labour income share as a percent of GDP (%),ILO - ILO Modelled Estimates,2016,53.1,
Colombia,SDG indicator 10.4.1 - Labour income share as a percent of GDP (%),ILO - ILO Modelled Estimates,2017,53,Model-based extrapolation
Comoros,SDG indicator 10.4.1 - Labour income share as a percent of GDP (%),ILO - ILO Modelled Estimates,2016,35,Imputation
Comoros,SDG indicator 10.4.1 - Labour income share as a percent of GDP (%),ILO - ILO Modelled Estimates,2017,34.8,Imputation
Cape Verde,SDG indicator 10.4.1 - Labour income share as a percent of GDP (%),ILO - ILO Modelled Estimates,2016,41.5,Imputation
Cape Verde,SDG indicator 10.4.1 - Labour income share as a percent of GDP (%),ILO - ILO Modelled Estimates,2017,42.2,Imputation
Costa Rica,SDG indicator 10.4.1 - Labour income share as a percent of GDP (%),ILO - ILO Modelled Estimates,2016,55.8,Model-based extrapolation
Costa Rica,SDG indicator 10.4.1 - Labour income share as a percent of GDP (%),ILO - ILO Modelled Estimates,2017,56,Model-based extrapolation
Cuba,SDG indicator 10.4.1 - Labour income share as a percent of GDP (%),ILO - ILO Modelled Estimates,2016,38.5,Imputation
Cuba,SDG indicator 10.4.1 - Labour income share as a percent of GDP (%),ILO - ILO Modelled Estimates,2017,38.2,Imputation
Cyprus,SDG indicator 10.4.1 - Labour income share as a percent of GDP (%),ILO - ILO Modelled Estimates,2016,49.2,
Cyprus,SDG indicator 10.4.1 - Labour income share as a percent of GDP (%),ILO - ILO Modelled Estimates,2017,48.9,Model-based extrapolation
Czechia,SDG indicator 10.4.1 - Labour income share as a percent of GDP (%),ILO - ILO Modelled Estimates,2016,50.9,
Czechia,SDG indicator 10.4.1 - Labour income share as a percent of GDP (%),ILO - ILO Modelled Estimates,2017,50.4,Model-based extrapolation
Germany,SDG indicator 10.4.1 - Labour income share as a percent of GDP (%),ILO - ILO Modelled Estimates,2016,60.5,Model-based extrapolation
Germany,SDG indicator 10.4.1 - Labour income share as a percent of GDP (%),ILO - ILO Modelled Estimates,2017,60.3,Model-based extrapolation
Djibouti,SDG indicator 10.4.1 - Labour income share as a percent of GDP (%),ILO - ILO Modelled Estimates,2016,40.8,Imputation
Djibouti,SDG indicator 10.4.1 - Labour income share as a percent of GDP (%),ILO - ILO Modelled Estimates,2017,40.8,Imputation
Denmark,SDG indicator 10.4.1 - Labour income share as a percent of GDP (%),ILO - ILO Modelled Estimates,2016,59.1,
Denmark,SDG indicator 10.4.1 - Labour income share as a percent of GDP (%),ILO - ILO Modelled Estimates,2017,58.1,Model-based extrapolation
Dominican Republic,SDG indicator 10.4.1 - Labour income share as a percent of GDP (%),ILO - ILO Modelled Estimates,2016,50.1,Model-based extrapolation
Dominican Republic,SDG indicator 10.4.1 - Labour income share as a percent of GDP (%),ILO - ILO Modelled Estimates,2017,50.8,Model-based extrapolation
Algeria,SDG indicator 10.4.1 - Labour income share as a percent of GDP (%),ILO - ILO Modelled Estimates,2016,45.7,Imputation
Algeria,SDG indicator 10.4.1 - Labour income share as a percent of GDP (%),ILO - ILO Modelled Estimates,2017,46.3,Imputation
Ecuador,SDG indicator 10.4.1 - Labour income share as a percent of GDP (%),ILO - ILO Modelled Estimates,2016,53,
Ecuador,SDG indicator 10.4.1 - Labour income share as a percent of GDP (%),ILO - ILO Modelled Estimates,2017,52.1,Model-based extrapolation
Egypt,SDG indicator 10.4.1 - Labour income share as a percent of GDP (%),ILO - ILO Modelled Estimates,2016,34.6,Model-based extrapolation
Egypt,SDG indicator 10.4.1 - Labour income share as a percent of GDP (%),ILO - ILO Modelled Estimates,2017,34.9,Model-based extrapolation
Eritrea,SDG indicator 10.4.1 - Labour income share as a percent of GDP (%),ILO - ILO Modelled Estimates,2016,40.1,Imputation
Eritrea,SDG indicator 10.4.1 - Labour income share as a percent of GDP (%),ILO - ILO Modelled Estimates,2017,39.6,Imputation
Western Sahara,SDG indicator 10.4.1 - Labour income share as a percent of GDP (%),ILO - ILO Modelled Estimates,2016,40.8,Imputation
Western Sahara,SDG indicator 10.4.1 - Labour income share as a percent of GDP (%),ILO - ILO Modelled Estimates,2017,40.5,Imputation
Spain,SDG indicator 10.4.1 - Labour income share as a percent of GDP (%),ILO - ILO Modelled Estimates,2016,61.3,
Spain,SDG indicator 10.4.1 - Labour income share as a percent of GDP (%),ILO - ILO Modelled Estimates,2017,61.2,Model-based extrapolation
Estonia,SDG indicator 10.4.1 - Labour income share as a percent of GDP (%),ILO - ILO Modelled Estimates,2016,58.5,
Estonia,SDG indicator 10.4.1 - Labour income share as a percent of GDP (%),ILO - ILO Modelled Estimates,2017,58.2,Model-based extrapolation
Ethiopia,SDG indicator 10.4.1 - Labour income share as a percent of GDP (%),ILO - ILO Modelled Estimates,2016,44.9,Imputation
Ethiopia,SDG indicator 10.4.1 - Labour income share as a percent of GDP (%),ILO - ILO Modelled Estimates,2017,44.1,Imputation
Finland,SDG indicator 10.4.1 - Labour income share as a percent of GDP (%),ILO - ILO Modelled Estimates,2016,56.6,
Finland,SDG indicator 10.4.1 - Labour income share as a percent of GDP (%),ILO - ILO Modelled Estimates,2017,56.3,Model-based extrapolation
Fiji,SDG indicator 10.4.1 - Labour income share as a percent of GDP (%),ILO - ILO Modelled Estimates,2016,46.4,Imputation
Fiji,SDG indicator 10.4.1 - Labour income share as a percent of GDP (%),ILO - ILO Modelled Estimates,2017,45.5,Imputation
France,SDG indicator 10.4.1 - Labour income share as a percent of GDP (%),ILO - ILO Modelled Estimates,2016,61.8,
France,SDG indicator 10.4.1 - Labour income share as a percent of GDP (%),ILO - ILO Modelled Estimates,2017,61,Model-based extrapolation
Gabon,SDG indicator 10.4.1 - Labour income share as a percent of GDP (%),ILO - ILO Modelled Estimates,2016,26.7,Imputation
Gabon,SDG indicator 10.4.1 - Labour income share as a percent of GDP (%),ILO - ILO Modelled Estimates,2017,27,Imputation
United Kingdom,SDG indicator 10.4.1 - Labour income share as a percent of GDP (%),ILO - ILO Modelled Estimates,2016,57.9,
United Kingdom,SDG indicator 10.4.1 - Labour income share as a percent of GDP (%),ILO - ILO Modelled Estimates,2017,58,Model-based extrapolation
Georgia,SDG indicator 10.4.1 - Labour income share as a percent of GDP (%),ILO - ILO Modelled Estimates,2016,50.9,Imputation
Georgia,SDG indicator 10.4.1 - Labour income share as a percent of GDP (%),ILO - ILO Modelled Estimates,2017,49.5,Imputation
Ghana,SDG indicator 10.4.1 - Labour income share as a percent of GDP (%),ILO - ILO Modelled Estimates,2016,49.7,Imputation
Ghana,SDG indicator 10.4.1 - Labour income share as a percent of GDP (%),ILO - ILO Modelled Estimates,2017,47.8,Imputation
Guinea,SDG indicator 10.4.1 - Labour income share as a percent of GDP (%),ILO - ILO Modelled Estimates,2016,57.5,Imputation
Guinea,SDG indicator 10.4.1 - Labour income share as a percent of GDP (%),ILO - ILO Modelled Estimates,2017,58.1,Imputation
Gambia,SDG indicator 10.4.1 - Labour income share as a percent of GDP (%),ILO - ILO Modelled Estimates,2016,40.8,Imputation
Gambia,SDG indicator 10.4.1 - Labour income share as a percent of GDP (%),ILO - ILO Modelled Estimates,2017,39.7,Imputation
Guinea-Bissau,SDG indicator 10.4.1 - Labour income share as a percent of GDP (%),ILO - ILO Modelled Estimates,2016,39.4,Imputation
Guinea-Bissau,SDG indicator 10.4.1 - Labour income share as a percent of GDP (%),ILO - ILO Modelled Estimates,2017,39.4,Imputation
Equatorial Guinea,SDG indicator 10.4.1 - Labour income share as a percent of GDP (%),ILO - ILO Modelled Estimates,2016,52,Imputation
Equatorial Guinea,SDG indicator 10.4.1 - Labour income share as a percent of GDP (%),ILO - ILO Modelled Estimates,2017,51.9,Imputation
Greece,SDG indicator 10.4.1 - Labour income share as a percent of GDP (%),ILO - ILO Modelled Estimates,2016,50.7,
Greece,SDG indicator 10.4.1 - Labour income share as a percent of GDP (%),ILO - ILO Modelled Estimates,2017,50.3,Model-based extrapolation
Guatemala,SDG indicator 10.4.1 - Labour income share as a percent of GDP (%),ILO - ILO Modelled Estimates,2016,38.4,Model-based extrapolation
Guatemala,SDG indicator 10.4.1 - Labour income share as a percent of GDP (%),ILO - ILO Modelled Estimates,2017,38.8,Model-based extrapolation
Guam,SDG indicator 10.4.1 - Labour income share as a percent of GDP (%),ILO - ILO Modelled Estimates,2016,51.5,Imputation
Guam,SDG indicator 10.4.1 - Labour income share as a percent of GDP (%),ILO - ILO Modelled Estimates,2017,51.2,Imputation
Guyana,SDG indicator 10.4.1 - Labour income share as a percent of GDP (%),ILO - ILO Modelled Estimates,2016,55,Imputation
Guyana,SDG indicator 10.4.1 - Labour income share as a percent of GDP (%),ILO - ILO Modelled Estimates,2017,55,Imputation
"Hong Kong, China",SDG indicator 10.4.1 - Labour income share as a percent of GDP (%),ILO - ILO Modelled Estimates,2016,54.5,Imputation
"Hong Kong, China",SDG indicator 10.4.1 - Labour income share as a percent of GDP (%),ILO - ILO Modelled Estimates,2017,54,Imputation
Honduras,SDG indicator 10.4.1 - Labour income share as a percent of GDP (%),ILO - ILO Modelled Estimates,2016,63.8,
Honduras,SDG indicator 10.4.1 - Labour income share as a percent of GDP (%),ILO - ILO Modelled Estimates,2017,65.7,Model-based extrapolation
Croatia,SDG indicator 10.4.1 - Labour income share as a percent of GDP (%),ILO - ILO Modelled Estimates,2016,58.3,Model-based extrapolation
Croatia,SDG indicator 10.4.1 - Labour income share as a percent of GDP (%),ILO - ILO Modelled Estimates,2017,58.1,Model-based extrapolation
Haiti,SDG indicator 10.4.1 - Labour income share as a percent of GDP (%),ILO - ILO Modelled Estimates,2016,48.4,Imputation
Haiti,SDG indicator 10.4.1 - Labour income share as a percent of GDP (%),ILO - ILO Modelled Estimates,2017,48.4,Imputation
Hungary,SDG indicator 10.4.1 - Labour income share as a percent of GDP (%),ILO - ILO Modelled Estimates,2016,48.1,Model-based extrapolation
Hungary,SDG indicator 10.4.1 - Labour income share as a percent of GDP (%),ILO - ILO Modelled Estimates,2017,47.6,Model-based extrapolation
Indonesia,SDG indicator 10.4.1 - Labour income share as a percent of GDP (%),ILO - ILO Modelled Estimates,2016,38.6,Imputation
Indonesia,SDG indicator 10.4.1 - Labour income share as a percent of GDP (%),ILO - ILO Modelled Estimates,2017,38.1,Imputation
India,SDG indicator 10.4.1 - Labour income share as a percent of GDP (%),ILO - ILO Modelled Estimates,2016,49.2,Model-based extrapolation
India,SDG indicator 10.4.1 - Labour income share as a percent of GDP (%),ILO - ILO Modelled Estimates,2017,49,Model-based extrapolation
Ireland,SDG indicator 10.4.1 - Labour income share as a percent of GDP (%),ILO - ILO Modelled Estimates,2016,36.9,Imputation
Ireland,SDG indicator 10.4.1 - Labour income share as a percent of GDP (%),ILO - ILO Modelled Estimates,2017,36.6,Imputation
"Iran, Islamic Republic of",SDG indicator 10.4.1 - Labour income share as a percent of GDP (%),ILO - ILO Modelled Estimates,2016,34.6,Imputation
"Iran, Islamic Republic of",SDG indicator 10.4.1 - Labour income share as a percent of GDP (%),ILO - ILO Modelled Estimates,2017,36.2,Imputation
Iraq,SDG indicator 10.4.1 - Labour income share as a percent of GDP (%),ILO - ILO Modelled Estimates,2016,26.9,Imputation
Iraq,SDG indicator 10.4.1 - Labour income share as a percent of GDP (%),ILO - ILO Modelled Estimates,2017,27.3,Imputation
Iceland,SDG indicator 10.4.1 - Labour income share as a percent of GDP (%),ILO - ILO Modelled Estimates,2016,60.6,Model-based extrapolation
Iceland,SDG indicator 10.4.1 - Labour income share as a percent of GDP (%),ILO - ILO Modelled Estimates,2017,61.3,Model-based extrapolation
Israel,SDG indicator 10.4.1 - Labour income share as a percent of GDP (%),ILO - ILO Modelled Estimates,2016,53,Imputation
Israel,SDG indicator 10.4.1 - Labour income share as a percent of GDP (%),ILO - ILO Modelled Estimates,2017,53.2,Imputation
Italy,SDG indicator 10.4.1 - Labour income share as a percent of GDP (%),ILO - ILO Modelled Estimates,2016,58.2,Model-based extrapolation
Italy,SDG indicator 10.4.1 - Labour income share as a percent of GDP (%),ILO - ILO Modelled Estimates,2017,57.5,Model-based extrapolation
Jamaica,SDG indicator 10.4.1 - Labour income share as a percent of GDP (%),ILO - ILO Modelled Estimates,2016,63.3,Imputation
Jamaica,SDG indicator 10.4.1 - Labour income share as a percent of GDP (%),ILO - ILO Modelled Estimates,2017,63.6,Imputation
Jordan,SDG indicator 10.4.1 - Labour income share as a percent of GDP (%),ILO - ILO Modelled Estimates,2016,36.5,Imputation
Jordan,SDG indicator 10.4.1 - Labour income share as a percent of GDP (%),ILO - ILO Modelled Estimates,2017,36.5,Imputation
Japan,SDG indicator 10.4.1 - Labour income share as a percent of GDP (%),ILO - ILO Modelled Estimates,2016,54.5,Imputation
Japan,SDG indicator 10.4.1 - Labour income share as a percent of GDP (%),ILO - ILO Modelled Estimates,2017,54.2,Imputation
Kazakhstan,SDG indicator 10.4.1 - Labour income share as a percent of GDP (%),ILO - ILO Modelled Estimates,2016,41.8,Imputation
Kazakhstan,SDG indicator 10.4.1 - Labour income share as a percent of GDP (%),ILO - ILO Modelled Estimates,2017,41,Imputation
Kenya,SDG indicator 10.4.1 - Labour income share as a percent of GDP (%),ILO - ILO Modelled Estimates,2016,41.9,Imputation
Kenya,SDG indicator 10.4.1 - Labour income share as a percent of GDP (%),ILO - ILO Modelled Estimates,2017,43.9,Imputation
Kyrgyzstan,SDG indicator 10.4.1 - Labour income share as a percent of GDP (%),ILO - ILO Modelled Estimates,2016,40,Imputation
Kyrgyzstan,SDG indicator 10.4.1 - Labour income share as a percent of GDP (%),ILO - ILO Modelled Estimates,2017,39.4,Imputation
Cambodia,SDG indicator 10.4.1 - Labour income share as a percent of GDP (%),ILO - ILO Modelled Estimates,2016,37.6,Imputation
Cambodia,SDG indicator 10.4.1 - Labour income share as a percent of GDP (%),ILO - ILO Modelled Estimates,2017,37.6,Imputation
"Korea, Republic of",SDG indicator 10.4.1 - Labour income share as a percent of GDP (%),ILO - ILO Modelled Estimates,2016,54.3,Imputation
"Korea, Republic of",SDG indicator 10.4.1 - Labour income share as a percent of GDP (%),ILO - ILO Modelled Estimates,2017,53.8,Imputation
Kuwait,SDG indicator 10.4.1 - Labour income share as a percent of GDP (%),ILO - ILO Modelled Estimates,2016,29.1,Imputation
Kuwait,SDG indicator 10.4.1 - Labour income share as a percent of GDP (%),ILO - ILO Modelled Estimates,2017,29.4,Imputation
Lao People's Democratic Republic,SDG indicator 10.4.1 - Labour income share as a percent of GDP (%),ILO - ILO Modelled Estimates,2016,49.9,Imputation
Lao People's Democratic Republic,SDG indicator 10.4.1 - Labour income share as a percent of GDP (%),ILO - ILO Modelled Estimates,2017,49.7,Imputation
Lebanon,SDG indicator 10.4.1 - Labour income share as a percent of GDP (%),ILO - ILO Modelled Estimates,2016,47.5,Imputation
Lebanon,SDG indicator 10.4.1 - Labour income share as a percent of GDP (%),ILO - ILO Modelled Estimates,2017,47.5,Imputation
Liberia,SDG indicator 10.4.1 - Labour income share as a percent of GDP (%),ILO - ILO Modelled Estimates,2016,39.1,Imputation
Liberia,SDG indicator 10.4.1 - Labour income share as a percent of GDP (%),ILO - ILO Modelled Estimates,2017,38.9,Imputation
Libya,SDG indicator 10.4.1 - Labour income share as a percent of GDP (%),ILO - ILO Modelled Estimates,2016,43.1,Imputation
Libya,SDG indicator 10.4.1 - Labour income share as a percent of GDP (%),ILO - ILO Modelled Estimates,2017,41.2,Imputation
Saint Lucia,SDG indicator 10.4.1 - Labour income share as a percent of GDP (%),ILO - ILO Modelled Estimates,2016,49.9,Imputation
Saint Lucia,SDG indicator 10.4.1 - Labour income share as a percent of GDP (%),ILO - ILO Modelled Estimates,2017,50,Imputation
Sri Lanka,SDG indicator 10.4.1 - Labour income share as a percent of GDP (%),ILO - ILO Modelled Estimates,2016,38.7,Model-based extrapolation
Sri Lanka,SDG indicator 10.4.1 - Labour income share as a percent of GDP (%),ILO - ILO Modelled Estimates,2017,37.1,Model-based extrapolation
Lesotho,SDG indicator 10.4.1 - Labour income share as a percent of GDP (%),ILO - ILO Modelled Estimates,2016,65,Imputation
Lesotho,SDG indicator 10.4.1 - Labour income share as a percent of GDP (%),ILO - ILO Modelled Estimates,2017,66.7,Imputation
Lithuania,SDG indicator 10.4.1 - Labour income share as a percent of GDP (%),ILO - ILO Modelled Estimates,2016,47.8,
Lithuania,SDG indicator 10.4.1 - Labour income share as a percent of GDP (%),ILO - ILO Modelled Estimates,2017,47.6,Model-based extrapolation
Luxembourg,SDG indicator 10.4.1 - Labour income share as a percent of GDP (%),ILO - ILO Modelled Estimates,2016,56,Model-based extrapolation
Luxembourg,SDG indicator 10.4.1 - Labour income share as a percent of GDP (%),ILO - ILO Modelled Estimates,2017,56.2,Model-based extrapolation
Latvia,SDG indicator 10.4.1 - Labour income share as a percent of GDP (%),ILO - ILO Modelled Estimates,2016,53.8,
Latvia,SDG indicator 10.4.1 - Labour income share as a percent of GDP (%),ILO - ILO Modelled Estimates,2017,53.4,Model-based extrapolation
"Macau, China",SDG indicator 10.4.1 - Labour income share as a percent of GDP (%),ILO - ILO Modelled Estimates,2016,32.6,Imputation
"Macau, China",SDG indicator 10.4.1 - Labour income share as a percent of GDP (%),ILO - ILO Modelled Estimates,2017,31.7,Imputation
Morocco,SDG indicator 10.4.1 - Labour income share as a percent of GDP (%),ILO - ILO Modelled Estimates,2016,44.3,Imputation
Morocco,SDG indicator 10.4.1 - Labour income share as a percent of GDP (%),ILO - ILO Modelled Estimates,2017,43.5,Imputation
"Moldova, Republic of",SDG indicator 10.4.1 - Labour income share as a percent of GDP (%),ILO - ILO Modelled Estimates,2016,59.2,Imputation
"Moldova, Republic of",SDG indicator 10.4.1 - Labour income share as a percent of GDP (%),ILO - ILO Modelled Estimates,2017,58.7,Imputation
Madagascar,SDG indicator 10.4.1 - Labour income share as a percent of GDP (%),ILO - ILO Modelled Estimates,2016,47.4,Imputation
Madagascar,SDG indicator 10.4.1 - Labour income share as a percent of GDP (%),ILO - ILO Modelled Estimates,2017,47.2,Imputation
Maldives,SDG indicator 10.4.1 - Labour income share as a percent of GDP (%),ILO - ILO Modelled Estimates,2016,41.1,Imputation
Maldives,SDG indicator 10.4.1 - Labour income share as a percent of GDP (%),ILO - ILO Modelled Estimates,2017,41,Imputation
Mexico,SDG indicator 10.4.1 - Labour income share as a percent of GDP (%),ILO - ILO Modelled Estimates,2016,34.4,Model-based extrapolation
Mexico,SDG indicator 10.4.1 - Labour income share as a percent of GDP (%),ILO - ILO Modelled Estimates,2017,34.6,Model-based extrapolation
North Macedonia,SDG indicator 10.4.1 - Labour income share as a percent of GDP (%),ILO - ILO Modelled Estimates,2016,43.2,Imputation
North Macedonia,SDG indicator 10.4.1 - Labour income share as a percent of GDP (%),ILO - ILO Modelled Estimates,2017,43.7,Imputation
Mali,SDG indicator 10.4.1 - Labour income share as a percent of GDP (%),ILO - ILO Modelled Estimates,2016,51.1,Imputation
Mali,SDG indicator 10.4.1 - Labour income share as a percent of GDP (%),ILO - ILO Modelled Estimates,2017,50.9,Imputation
Malta,SDG indicator 10.4.1 - Labour income share as a percent of GDP (%),ILO - ILO Modelled Estimates,2016,49,Model-based extrapolation
Malta,SDG indicator 10.4.1 - Labour income share as a percent of GDP (%),ILO - ILO Modelled Estimates,2017,48.6,Model-based extrapolation
Myanmar,SDG indicator 10.4.1 - Labour income share as a percent of GDP (%),ILO - ILO Modelled Estimates,2016,44.3,Imputation
Myanmar,SDG indicator 10.4.1 - Labour income share as a percent of GDP (%),ILO - ILO Modelled Estimates,2017,44.4,Imputation
Mongolia,SDG indicator 10.4.1 - Labour income share as a percent of GDP (%),ILO - ILO Modelled Estimates,2016,39.8,Imputation
Mongolia,SDG indicator 10.4.1 - Labour income share as a percent of GDP (%),ILO - ILO Modelled Estimates,2017,41.4,Imputation
Mozambique,SDG indicator 10.4.1 - Labour income share as a percent of GDP (%),ILO - ILO Modelled Estimates,2016,49.8,Imputation
Mozambique,SDG indicator 10.4.1 - Labour income share as a percent of GDP (%),ILO - ILO Modelled Estimates,2017,49.7,Imputation
Mauritania,SDG indicator 10.4.1 - Labour income share as a percent of GDP (%),ILO - ILO Modelled Estimates,2016,43.7,Imputation
Mauritania,SDG indicator 10.4.1 - Labour income share as a percent of GDP (%),ILO - ILO Modelled Estimates,2017,43.3,Imputation
Mauritius,SDG indicator 10.4.1 - Labour income share as a percent of GDP (%),ILO - ILO Modelled Estimates,2016,44.4,Imputation
Mauritius,SDG indicator 10.4.1 - Labour income share as a percent of GDP (%),ILO - ILO Modelled Estimates,2017,45.1,Imputation
Malawi,SDG indicator 10.4.1 - Labour income share as a percent of GDP (%),ILO - ILO Modelled Estimates,2016,35.4,Imputation
Malawi,SDG indicator 10.4.1 - Labour income share as a percent of GDP (%),ILO - ILO Modelled Estimates,2017,35.1,Imputation
Malaysia,SDG indicator 10.4.1 - Labour income share as a percent of GDP (%),ILO - ILO Modelled Estimates,2016,42.2,Imputation
Malaysia,SDG indicator 10.4.1 - Labour income share as a percent of GDP (%),ILO - ILO Modelled Estimates,2017,41.8,Imputation
Namibia,SDG indicator 10.4.1 - Labour income share as a percent of GDP (%),ILO - ILO Modelled Estimates,2016,47.2,
Namibia,SDG indicator 10.4.1 - Labour income share as a percent of GDP (%),ILO - ILO Modelled Estimates,2017,47.6,Model-based extrapolation
New Caledonia,SDG indicator 10.4.1 - Labour income share as a percent of GDP (%),ILO - ILO Modelled Estimates,2016,51.8,Imputation
New Caledonia,SDG indicator 10.4.1 - Labour income share as a percent of GDP (%),ILO - ILO Modelled Estimates,2017,51.5,Imputation
Niger,SDG indicator 10.4.1 - Labour income share as a percent of GDP (%),ILO - ILO Modelled Estimates,2016,31.8,Model-based extrapolation
Niger,SDG indicator 10.4.1 - Labour income share as a percent of GDP (%),ILO - ILO Modelled Estimates,2017,30.7,Model-based extrapolation
Nigeria,SDG indicator 10.4.1 - Labour income share as a percent of GDP (%),ILO - ILO Modelled Estimates,2016,67,Imputation
Nigeria,SDG indicator 10.4.1 - Labour income share as a percent of GDP (%),ILO - ILO Modelled Estimates,2017,66.5,Imputation
Nicaragua,SDG indicator 10.4.1 - Labour income share as a percent of GDP (%),ILO - ILO Modelled Estimates,2016,58.8,Imputation
Nicaragua,SDG indicator 10.4.1 - Labour income share as a percent of GDP (%),ILO - ILO Modelled Estimates,2017,58.6,Imputation
Netherlands,SDG indicator 10.4.1 - Labour income share as a percent of GDP (%),ILO - ILO Modelled Estimates,2016,64.2,
Netherlands,SDG indicator 10.4.1 - Labour income share as a percent of GDP (%),ILO - ILO Modelled Estimates,2017,63.9,Model-based extrapolation
Norway,SDG indicator 10.4.1 - Labour income share as a percent of GDP (%),ILO - ILO Modelled Estimates,2016,53.8,
Norway,SDG indicator 10.4.1 - Labour income share as a percent of GDP (%),ILO - ILO Modelled Estimates,2017,52.7,Model-based extrapolation
Nepal,SDG indicator 10.4.1 - Labour income share as a percent of GDP (%),ILO - ILO Modelled Estimates,2016,40.8,Imputation
Nepal,SDG indicator 10.4.1 - Labour income share as a percent of GDP (%),ILO - ILO Modelled Estimates,2017,37.1,Imputation
New Zealand,SDG indicator 10.4.1 - Labour income share as a percent of GDP (%),ILO - ILO Modelled Estimates,2016,50.6,Imputation
New Zealand,SDG indicator 10.4.1 - Labour income share as a percent of GDP (%),ILO - ILO Modelled Estimates,2017,51.2,Imputation
Oman,SDG indicator 10.4.1 - Labour income share as a percent of GDP (%),ILO - ILO Modelled Estimates,2016,53.3,Imputation
Oman,SDG indicator 10.4.1 - Labour income share as a percent of GDP (%),ILO - ILO Modelled Estimates,2017,54.9,Imputation
Pakistan,SDG indicator 10.4.1 - Labour income share as a percent of GDP (%),ILO - ILO Modelled Estimates,2016,42.7,Imputation
Pakistan,SDG indicator 10.4.1 - Labour income share as a percent of GDP (%),ILO - ILO Modelled Estimates,2017,42.2,Imputation
Panama,SDG indicator 10.4.1 - Labour income share as a percent of GDP (%),ILO - ILO Modelled Estimates,2016,30.9,
Panama,SDG indicator 10.4.1 - Labour income share as a percent of GDP (%),ILO - ILO Modelled Estimates,2017,30.3,Model-based extrapolation
Peru,SDG indicator 10.4.1 - Labour income share as a percent of GDP (%),ILO - ILO Modelled Estimates,2016,45.6,
Peru,SDG indicator 10.4.1 - Labour income share as a percent of GDP (%),ILO - ILO Modelled Estimates,2017,46.1,Model-based extrapolation
Philippines,SDG indicator 10.4.1 - Labour income share as a percent of GDP (%),ILO - ILO Modelled Estimates,2016,27,Imputation
Philippines,SDG indicator 10.4.1 - Labour income share as a percent of GDP (%),ILO - ILO Modelled Estimates,2017,26.6,Imputation
Papua New Guinea,SDG indicator 10.4.1 - Labour income share as a percent of GDP (%),ILO - ILO Modelled Estimates,2016,30.8,Imputation
Papua New Guinea,SDG indicator 10.4.1 - Labour income share as a percent of GDP (%),ILO - ILO Modelled Estimates,2017,30.7,Imputation
Poland,SDG indicator 10.4.1 - Labour income share as a percent of GDP (%),ILO - ILO Modelled Estimates,2016,48.6,
Poland,SDG indicator 10.4.1 - Labour income share as a percent of GDP (%),ILO - ILO Modelled Estimates,2017,48.1,Model-based extrapolation
Puerto Rico,SDG indicator 10.4.1 - Labour income share as a percent of GDP (%),ILO - ILO Modelled Estimates,2016,59.3,Imputation
Puerto Rico,SDG indicator 10.4.1 - Labour income share as a percent of GDP (%),ILO - ILO Modelled Estimates,2017,59.6,Imputation
"Korea, Democratic People's Republic of",SDG indicator 10.4.1 - Labour income share as a percent of GDP (%),ILO - ILO Modelled Estimates,2016,30.1,Imputation
"Korea, Democratic People's Republic of",SDG indicator 10.4.1 - Labour income share as a percent of GDP (%),ILO - ILO Modelled Estimates,2017,29.6,Imputation
Portugal,SDG indicator 10.4.1 - Labour income share as a percent of GDP (%),ILO - ILO Modelled Estimates,2016,54.7,
Portugal,SDG indicator 10.4.1 - Labour income share as a percent of GDP (%),ILO - ILO Modelled Estimates,2017,54.5,Model-based extrapolation
Paraguay,SDG indicator 10.4.1 - Labour income share as a percent of GDP (%),ILO - ILO Modelled Estimates,2016,51.8,Imputation
Paraguay,SDG indicator 10.4.1 - Labour income share as a percent of GDP (%),ILO - ILO Modelled Estimates,2017,52.3,Imputation
Occupied Palestinian Territory,SDG indicator 10.4.1 - Labour income share as a percent of GDP (%),ILO - ILO Modelled Estimates,2016,37.7,Imputation
Occupied Palestinian Territory,SDG indicator 10.4.1 - Labour income share as a percent of GDP (%),ILO - ILO Modelled Estimates,2017,38.2,Imputation
French Polynesia,SDG indicator 10.4.1 - Labour income share as a percent of GDP (%),ILO - ILO Modelled Estimates,2016,51.5,Imputation
French Polynesia,SDG indicator 10.4.1 - Labour income share as a percent of GDP (%),ILO - ILO Modelled Estimates,2017,51.2,Imputation
Qatar,SDG indicator 10.4.1 - Labour income share as a percent of GDP (%),ILO - ILO Modelled Estimates,2016,18.6,Imputation
Qatar,SDG indicator 10.4.1 - Labour income share as a percent of GDP (%),ILO - ILO Modelled Estimates,2017,18.6,Imputation
Romania,SDG indicator 10.4.1 - Labour income share as a percent of GDP (%),ILO - ILO Modelled Estimates,2016,42.3,
Romania,SDG indicator 10.4.1 - Labour income share as a percent of GDP (%),ILO - ILO Modelled Estimates,2017,44.8,Model-based extrapolation
Russian Federation,SDG indicator 10.4.1 - Labour income share as a percent of GDP (%),ILO - ILO Modelled Estimates,2016,52.2,Imputation
Russian Federation,SDG indicator 10.4.1 - Labour income share as a percent of GDP (%),ILO - ILO Modelled Estimates,2017,52,Imputation
Rwanda,SDG indicator 10.4.1 - Labour income share as a percent of GDP (%),ILO - ILO Modelled Estimates,2016,35.8,Imputation
Rwanda,SDG indicator 10.4.1 - Labour income share as a percent of GDP (%),ILO - ILO Modelled Estimates,2017,35.7,Imputation
Saudi Arabia,SDG indicator 10.4.1 - Labour income share as a percent of GDP (%),ILO - ILO Modelled Estimates,2016,30.6,Imputation
Saudi Arabia,SDG indicator 10.4.1 - Labour income share as a percent of GDP (%),ILO - ILO Modelled Estimates,2017,31.5,Imputation
Sudan,SDG indicator 10.4.1 - Labour income share as a percent of GDP (%),ILO - ILO Modelled Estimates,2016,34.2,Imputation
Sudan,SDG indicator 10.4.1 - Labour income share as a percent of GDP (%),ILO - ILO Modelled Estimates,2017,34.4,Imputation
Senegal,SDG indicator 10.4.1 - Labour income share as a percent of GDP (%),ILO - ILO Modelled Estimates,2016,32.9,Imputation
Senegal,SDG indicator 10.4.1 - Labour income share as a percent of GDP (%),ILO - ILO Modelled Estimates,2017,32.5,Imputation
Singapore,SDG indicator 10.4.1 - Labour income share as a percent of GDP (%),ILO - ILO Modelled Estimates,2016,50.3,Imputation
Singapore,SDG indicator 10.4.1 - Labour income share as a percent of GDP (%),ILO - ILO Modelled Estimates,2017,49.2,Imputation
Solomon Islands,SDG indicator 10.4.1 - Labour income share as a percent of GDP (%),ILO - ILO Modelled Estimates,2016,49.2,Imputation
Solomon Islands,SDG indicator 10.4.1 - Labour income share as a percent of GDP (%),ILO - ILO Modelled Estimates,2017,49.1,Imputation
Sierra Leone,SDG indicator 10.4.1 - Labour income share as a percent of GDP (%),ILO - ILO Modelled Estimates,2016,47.4,Imputation
Sierra Leone,SDG indicator 10.4.1 - Labour income share as a percent of GDP (%),ILO - ILO Modelled Estimates,2017,47.5,Imputation
El Salvador,SDG indicator 10.4.1 - Labour income share as a percent of GDP (%),ILO - ILO Modelled Estimates,2016,45,Imputation
El Salvador,SDG indicator 10.4.1 - Labour income share as a percent of GDP (%),ILO - ILO Modelled Estimates,2017,45,Imputation
Somalia,SDG indicator 10.4.1 - Labour income share as a percent of GDP (%),ILO - ILO Modelled Estimates,2016,39,Imputation
Somalia,SDG indicator 10.4.1 - Labour income share as a percent of GDP (%),ILO - ILO Modelled Estimates,2017,39.6,Imputation
Serbia,SDG indicator 10.4.1 - Labour income share as a percent of GDP (%),ILO - ILO Modelled Estimates,2016,52.6,Imputation
Serbia,SDG indicator 10.4.1 - Labour income share as a percent of GDP (%),ILO - ILO Modelled Estimates,2017,52.5,Imputation
South Sudan,SDG indicator 10.4.1 - Labour income share as a percent of GDP (%),ILO - ILO Modelled Estimates,2016,49,Imputation
South Sudan,SDG indicator 10.4.1 - Labour income share as a percent of GDP (%),ILO - ILO Modelled Estimates,2017,48.6,Imputation
Sao Tome and Principe,SDG indicator 10.4.1 - Labour income share as a percent of GDP (%),ILO - ILO Modelled Estimates,2016,41,Imputation
Sao Tome and Principe,SDG indicator 10.4.1 - Labour income share as a percent of GDP (%),ILO - ILO Modelled Estimates,2017,41,Imputation
Suriname,SDG indicator 10.4.1 - Labour income share as a percent of GDP (%),ILO - ILO Modelled Estimates,2016,48,Imputation
Suriname,SDG indicator 10.4.1 - Labour income share as a percent of GDP (%),ILO - ILO Modelled Estimates,2017,46.9,Imputation
Slovakia,SDG indicator 10.4.1 - Labour income share as a percent of GDP (%),ILO - ILO Modelled Estimates,2016,51.1,Model-based extrapolation
Slovakia,SDG indicator 10.4.1 - Labour income share as a percent of GDP (%),ILO - ILO Modelled Estimates,2017,51,Model-based extrapolation
Slovenia,SDG indicator 10.4.1 - Labour income share as a percent of GDP (%),ILO - ILO Modelled Estimates,2016,58.8,
Slovenia,SDG indicator 10.4.1 - Labour income share as a percent of GDP (%),ILO - ILO Modelled Estimates,2017,58.4,Model-based extrapolation
Sweden,SDG indicator 10.4.1 - Labour income share as a percent of GDP (%),ILO - ILO Modelled Estimates,2016,55.5,Model-based extrapolation
Sweden,SDG indicator 10.4.1 - Labour income share as a percent of GDP (%),ILO - ILO Modelled Estimates,2017,55.4,Model-based extrapolation
Eswatini,SDG indicator 10.4.1 - Labour income share as a percent of GDP (%),ILO - ILO Modelled Estimates,2016,39.7,Imputation
Eswatini,SDG indicator 10.4.1 - Labour income share as a percent of GDP (%),ILO - ILO Modelled Estimates,2017,39.6,Imputation
Syrian Arab Republic,SDG indicator 10.4.1 - Labour income share as a percent of GDP (%),ILO - ILO Modelled Estimates,2016,39.3,Imputation
Syrian Arab Republic,SDG indicator 10.4.1 - Labour income share as a percent of GDP (%),ILO - ILO Modelled Estimates,2017,39.4,Imputation
Chad,SDG indicator 10.4.1 - Labour income share as a percent of GDP (%),ILO - ILO Modelled Estimates,2016,55.8,Imputation
Chad,SDG indicator 10.4.1 - Labour income share as a percent of GDP (%),ILO - ILO Modelled Estimates,2017,55.6,Imputation
Togo,SDG indicator 10.4.1 - Labour income share as a percent of GDP (%),ILO - ILO Modelled Estimates,2016,39.4,Imputation
Togo,SDG indicator 10.4.1 - Labour income share as a percent of GDP (%),ILO - ILO Modelled Estimates,2017,39.4,Imputation
Thailand,SDG indicator 10.4.1 - Labour income share as a percent of GDP (%),ILO - ILO Modelled Estimates,2016,47.7,Imputation
Thailand,SDG indicator 10.4.1 - Labour income share as a percent of GDP (%),ILO - ILO Modelled Estimates,2017,48.2,Imputation
Tajikistan,SDG indicator 10.4.1 - Labour income share as a percent of GDP (%),ILO - ILO Modelled Estimates,2016,28.6,Model-based extrapolation
Tajikistan,SDG indicator 10.4.1 - Labour income share as a percent of GDP (%),ILO - ILO Modelled Estimates,2017,28.5,Model-based extrapolation
Turkmenistan,SDG indicator 10.4.1 - Labour income share as a percent of GDP (%),ILO - ILO Modelled Estimates,2016,46.5,Imputation
Turkmenistan,SDG indicator 10.4.1 - Labour income share as a percent of GDP (%),ILO - ILO Modelled Estimates,2017,46.6,Imputation
Timor-Leste,SDG indicator 10.4.1 - Labour income share as a percent of GDP (%),ILO - ILO Modelled Estimates,2016,45.7,Imputation
Timor-Leste,SDG indicator 10.4.1 - Labour income share as a percent of GDP (%),ILO - ILO Modelled Estimates,2017,46.8,Imputation
Tonga,SDG indicator 10.4.1 - Labour income share as a percent of GDP (%),ILO - ILO Modelled Estimates,2016,45.1,Imputation
Tonga,SDG indicator 10.4.1 - Labour income share as a percent of GDP (%),ILO - ILO Modelled Estimates,2017,45.7,Imputation
Trinidad and Tobago,SDG indicator 10.4.1 - Labour income share as a percent of GDP (%),ILO - ILO Modelled Estimates,2016,64.7,Imputation
Trinidad and Tobago,SDG indicator 10.4.1 - Labour income share as a percent of GDP (%),ILO - ILO Modelled Estimates,2017,64.1,Imputation
Tunisia,SDG indicator 10.4.1 - Labour income share as a percent of GDP (%),ILO - ILO Modelled Estimates,2016,46.2,Imputation
Tunisia,SDG indicator 10.4.1 - Labour income share as a percent of GDP (%),ILO - ILO Modelled Estimates,2017,45.9,Imputation
Turkey,SDG indicator 10.4.1 - Labour income share as a percent of GDP (%),ILO - ILO Modelled Estimates,2016,37,Model-based extrapolation
Turkey,SDG indicator 10.4.1 - Labour income share as a percent of GDP (%),ILO - ILO Modelled Estimates,2017,36.2,Model-based extrapolation
"Taiwan, China",SDG indicator 10.4.1 - Labour income share as a percent of GDP (%),ILO - ILO Modelled Estimates,2016,52.9,Imputation
"Taiwan, China",SDG indicator 10.4.1 - Labour income share as a percent of GDP (%),ILO - ILO Modelled Estimates,2017,52.5,Imputation
"Tanzania, United Republic of",SDG indicator 10.4.1 - Labour income share as a percent of GDP (%),ILO - ILO Modelled Estimates,2016,46.8,Imputation
"Tanzania, United Republic of",SDG indicator 10.4.1 - Labour income share as a percent of GDP (%),ILO - ILO Modelled Estimates,2017,49.1,Imputation
Uganda,SDG indicator 10.4.1 - Labour income share as a percent of GDP (%),ILO - ILO Modelled Estimates,2016,39.9,Imputation
Uganda,SDG indicator 10.4.1 - Labour income share as a percent of GDP (%),ILO - ILO Modelled Estimates,2017,38.8,Imputation
Ukraine,SDG indicator 10.4.1 - Labour income share as a percent of GDP (%),ILO - ILO Modelled Estimates,2016,42.7,Imputation
Ukraine,SDG indicator 10.4.1 - Labour income share as a percent of GDP (%),ILO - ILO Modelled Estimates,2017,42.8,Imputation
Uruguay,SDG indicator 10.4.1 - Labour income share as a percent of GDP (%),ILO - ILO Modelled Estimates,2016,46.9,Imputation
Uruguay,SDG indicator 10.4.1 - Labour income share as a percent of GDP (%),ILO - ILO Modelled Estimates,2017,46.7,Imputation
United States,SDG indicator 10.4.1 - Labour income share as a percent of GDP (%),ILO - ILO Modelled Estimates,2016,59,Imputation
United States,SDG indicator 10.4.1 - Labour income share as a percent of GDP (%),ILO - ILO Modelled Estimates,2017,58.6,Imputation
Uzbekistan,SDG indicator 10.4.1 - Labour income share as a percent of GDP (%),ILO - ILO Modelled Estimates,2016,41,Imputation
Uzbekistan,SDG indicator 10.4.1 - Labour income share as a percent of GDP (%),ILO - ILO Modelled Estimates,2017,41.4,Imputation
Saint Vincent and the Grenadines,SDG indicator 10.4.1 - Labour income share as a percent of GDP (%),ILO - ILO Modelled Estimates,2016,48.5,Imputation
Saint Vincent and the Grenadines,SDG indicator 10.4.1 - Labour income share as a percent of GDP (%),ILO - ILO Modelled Estimates,2017,48.6,Imputation
"Venezuela, Bolivarian Republic of",SDG indicator 10.4.1 - Labour income share as a percent of GDP (%),ILO - ILO Modelled Estimates,2016,42.8,Model-based extrapolation
"Venezuela, Bolivarian Republic of",SDG indicator 10.4.1 - Labour income share as a percent of GDP (%),ILO - ILO Modelled Estimates,2017,42.6,Model-based extrapolation
United States Virgin Islands,SDG indicator 10.4.1 - Labour income share as a percent of GDP (%),ILO - ILO Modelled Estimates,2016,59.3,Imputation
United States Virgin Islands,SDG indicator 10.4.1 - Labour income share as a percent of GDP (%),ILO - ILO Modelled Estimates,2017,59,Imputation
Viet Nam,SDG indicator 10.4.1 - Labour income share as a percent of GDP (%),ILO - ILO Modelled Estimates,2016,40.3,Imputation
Viet Nam,SDG indicator 10.4.1 - Labour income share as a percent of GDP (%),ILO - ILO Modelled Estimates,2017,40.5,Imputation
Vanuatu,SDG indicator 10.4.1 - Labour income share as a percent of GDP (%),ILO - ILO Modelled Estimates,2016,67.8,Imputation
Vanuatu,SDG indicator 10.4.1 - Labour income share as a percent of GDP (%),ILO - ILO Modelled Estimates,2017,67.4,Imputation
Samoa,SDG indicator 10.4.1 - Labour income share as a percent of GDP (%),ILO - ILO Modelled Estimates,2016,42.7,Imputation
Samoa,SDG indicator 10.4.1 - Labour income share as a percent of GDP (%),ILO - ILO Modelled Estimates,2017,43.7,Imputation
World,SDG indicator 10.4.1 - Labour income share as a percent of GDP (%),ILO - ILO Modelled Estimates,2016,51.7,
World,SDG indicator 10.4.1 - Labour income share as a percent of GDP (%),ILO - ILO Modelled Estimates,2017,51.4,
Africa,SDG indicator 10.4.1 - Labour income share as a percent of GDP (%),ILO - ILO Modelled Estimates,2016,47.5,
Africa,SDG indicator 10.4.1 - Labour income share as a percent of GDP (%),ILO - ILO Modelled Estimates,2017,47.4,
Americas,SDG indicator 10.4.1 - Labour income share as a percent of GDP (%),ILO - ILO Modelled Estimates,2016,56.5,
Americas,SDG indicator 10.4.1 - Labour income share as a percent of GDP (%),ILO - ILO Modelled Estimates,2017,56.1,
Arab States,SDG indicator 10.4.1 - Labour income share as a percent of GDP (%),ILO - ILO Modelled Estimates,2016,31.6,
Arab States,SDG indicator 10.4.1 - Labour income share as a percent of GDP (%),ILO - ILO Modelled Estimates,2017,32.2,
Asia and the Pacific,SDG indicator 10.4.1 - Labour income share as a percent of GDP (%),ILO - ILO Modelled Estimates,2016,49.2,
Asia and the Pacific,SDG indicator 10.4.1 - Labour income share as a percent of GDP (%),ILO - ILO Modelled Estimates,2017,49,
Europe and Central Asia,SDG indicator 10.4.1 - Labour income share as a percent of GDP (%),ILO - ILO Modelled Estimates,2016,55,
Europe and Central Asia,SDG indicator 10.4.1 - Labour income share as a percent of GDP (%),ILO - ILO Modelled Estimates,2017,54.6,
Yemen,SDG indicator 10.4.1 - Labour income share as a percent of GDP (%),ILO - ILO Modelled Estimates,2016,43.3,Imputation
Yemen,SDG indicator 10.4.1 - Labour income share as a percent of GDP (%),ILO - ILO Modelled Estimates,2017,42.6,Imputation
South Africa,SDG indicator 10.4.1 - Labour income share as a percent of GDP (%),ILO - ILO Modelled Estimates,2016,53.8,Imputation
South Africa,SDG indicator 10.4.1 - Labour income share as a percent of GDP (%),ILO - ILO Modelled Estimates,2017,54.1,Imputation
Zambia,SDG indicator 10.4.1 - Labour income share as a percent of GDP (%),ILO - ILO Modelled Estimates,2016,51.5,Imputation
Zambia,SDG indicator 10.4.1 - Labour income share as a percent of GDP (%),ILO - ILO Modelled Estimates,2017,51.4,Imputation
Zimbabwe,SDG indicator 10.4.1 - Labour income share as a percent of GDP (%),ILO - ILO Modelled Estimates,2016,33.9,Imputation
Zimbabwe,SDG indicator 10.4.1 - Labour income share as a percent of GDP (%),ILO - ILO Modelled Estimates,2017,33.6,Imputation
